{
  "accuracy": 0.980698753970193,
  "f1_weighted": 0.9813408040286035,
  "recall": 0.9853300733496333,
  "precision": 0.8466386554621849,
  "confusion_matrix": [
    [
      3611,
      73
    ],
    [
      6,
      403
    ]
  ],
  "classification_report": {
    "0.0": {
      "precision": 0.9983411667127454,
      "recall": 0.9801845819761129,
      "f1-score": 0.989179564443227,
      "support": 3684.0
    },
    "1.0": {
      "precision": 0.8466386554621849,
      "recall": 0.9853300733496333,
      "f1-score": 0.9107344632768362,
      "support": 409.0
    },
    "accuracy": 0.980698753970193,
    "macro avg": {
      "precision": 0.9224899110874651,
      "recall": 0.9827573276628732,
      "f1-score": 0.9499570138600315,
      "support": 4093.0
    },
    "weighted avg": {
      "precision": 0.9831820347553842,
      "recall": 0.980698753970193,
      "f1-score": 0.9813408040286035,
      "support": 4093.0
    }
  }
}