{
  "rf_100": {
    "accuracy": 0.9816760322501833,
    "report": {
      "0.0": {
        "precision": 0.9980678995307756,
        "recall": 0.9815418023887079,
        "f1-score": 0.9897358697139729,
        "support": 3684.0
      },
      "1.0": {
        "precision": 0.8553191489361702,
        "recall": 0.9828850855745721,
        "f1-score": 0.9146757679180887,
        "support": 409.0
      },
      "accuracy": 0.9816760322501833,
      "macro avg": {
        "precision": 0.9266935242334728,
        "recall": 0.98221344398164,
        "f1-score": 0.9522058188160307,
        "support": 4093.0
      },
      "weighted avg": {
        "precision": 0.983803487365324,
        "recall": 0.9816760322501833,
        "f1-score": 0.9822353611299229,
        "support": 4093.0
      }
    }
  },
  "rf_200": {
    "accuracy": 0.9909601759100904,
    "report": {
      "0.0": {
        "precision": 0.9972729751840742,
        "recall": 0.992671009771987,
        "f1-score": 0.9949666712011971,
        "support": 3684.0
      },
      "1.0": {
        "precision": 0.9366197183098591,
        "recall": 0.9755501222493888,
        "f1-score": 0.9556886227544911,
        "support": 409.0
      },
      "accuracy": 0.9909601759100904,
      "macro avg": {
        "precision": 0.9669463467469667,
        "recall": 0.9841105660106879,
        "f1-score": 0.975327646977844,
        "support": 4093.0
      },
      "weighted avg": {
        "precision": 0.9912120951299443,
        "recall": 0.9909601759100904,
        "f1-score": 0.9910417452752986,
        "support": 4093.0
      }
    }
  },
  "svc_rbf": {
    "accuracy": 0.8025897874419741,
    "report": {
      "0.0": {
        "precision": 1.0,
        "recall": 0.7806731813246471,
        "f1-score": 0.8768292682926829,
        "support": 3684.0
      },
      "1.0": {
        "precision": 0.3360723089564503,
        "recall": 1.0,
        "f1-score": 0.5030750307503075,
        "support": 409.0
      },
      "accuracy": 0.8025897874419741,
      "macro avg": {
        "precision": 0.6680361544782252,
        "recall": 0.8903365906623235,
        "f1-score": 0.6899521495214952,
        "support": 4093.0
      },
      "weighted avg": {
        "precision": 0.9336558940540406,
        "recall": 0.8025897874419741,
        "f1-score": 0.8394812391808257,
        "support": 4093.0
      }
    }
  },
  "svc_lin": {
    "accuracy": 0.9738578060102614,
    "report": {
      "0.0": {
        "precision": 0.998884239888424,
        "recall": 0.9720412595005429,
        "f1-score": 0.9852799559774384,
        "support": 3684.0
      },
      "1.0": {
        "precision": 0.797244094488189,
        "recall": 0.9902200488997555,
        "f1-score": 0.8833151581243184,
        "support": 409.0
      },
      "accuracy": 0.9738578060102614,
      "macro avg": {
        "precision": 0.8980641671883065,
        "recall": 0.9811306542001492,
        "f1-score": 0.9342975570508785,
        "support": 4093.0
      },
      "weighted avg": {
        "precision": 0.9787350047384861,
        "recall": 0.9738578060102614,
        "f1-score": 0.9750909497907964,
        "support": 4093.0
      }
    }
  }
}