{
  "rf": {
    "accuracy": 0.9599315905204007,
    "report": {
      "0.0": {
        "precision": 0.9974561899378179,
        "recall": 0.9579261672095548,
        "f1-score": 0.9772916089725838,
        "support": 3684.0
      },
      "1.0": {
        "precision": 0.7207207207207207,
        "recall": 0.9779951100244498,
        "f1-score": 0.8298755186721992,
        "support": 409.0
      },
      "accuracy": 0.9599315905204007,
      "macro avg": {
        "precision": 0.8590884553292693,
        "recall": 0.9679606386170023,
        "f1-score": 0.9035835638223915,
        "support": 4093.0
      },
      "weighted avg": {
        "precision": 0.969802926583361,
        "recall": 0.9599315905204007,
        "f1-score": 0.9625608049332832,
        "support": 4093.0
      }
    },
    "class_distribution": {
      "train_original": {
        "0.0": 14734,
        "1.0": 1638
      },
      "train_resampled": {
        "0.0": 14734,
        "1.0": 14734
      },
      "validation": {
        "0.0": 3684,
        "1.0": 409
      }
    }
  },
  "svm": {
    "accuracy": 0.8025897874419741,
    "report": {
      "0.0": {
        "precision": 1.0,
        "recall": 0.7806731813246471,
        "f1-score": 0.8768292682926829,
        "support": 3684.0
      },
      "1.0": {
        "precision": 0.3360723089564503,
        "recall": 1.0,
        "f1-score": 0.5030750307503075,
        "support": 409.0
      },
      "accuracy": 0.8025897874419741,
      "macro avg": {
        "precision": 0.6680361544782252,
        "recall": 0.8903365906623235,
        "f1-score": 0.6899521495214952,
        "support": 4093.0
      },
      "weighted avg": {
        "precision": 0.9336558940540406,
        "recall": 0.8025897874419741,
        "f1-score": 0.8394812391808257,
        "support": 4093.0
      }
    },
    "class_distribution": {
      "train_original": {
        "0.0": 14734,
        "1.0": 1638
      },
      "train_resampled": {
        "0.0": 14734,
        "1.0": 14734
      },
      "validation": {
        "0.0": 3684,
        "1.0": 409
      }
    }
  },
  "logreg": {
    "accuracy": 0.9442951380405571,
    "report": {
      "0.0": {
        "precision": 0.995697074010327,
        "recall": 0.9421824104234527,
        "f1-score": 0.9682008368200837,
        "support": 3684.0
      },
      "1.0": {
        "precision": 0.6490939044481054,
        "recall": 0.9633251833740831,
        "f1-score": 0.7755905511811023,
        "support": 409.0
      },
      "accuracy": 0.9442951380405571,
      "macro avg": {
        "precision": 0.8223954892292162,
        "recall": 0.9527537968987679,
        "f1-score": 0.8718956940005931,
        "support": 4093.0
      },
      "weighted avg": {
        "precision": 0.9610621616353091,
        "recall": 0.9442951380405571,
        "f1-score": 0.948953925794835,
        "support": 4093.0
      }
    },
    "class_distribution": {
      "train_original": {
        "0.0": 14734,
        "1.0": 1638
      },
      "train_resampled": {
        "0.0": 14734,
        "1.0": 14734
      },
      "validation": {
        "0.0": 3684,
        "1.0": 409
      }
    }
  }
}