{
  "rf_100": {
    "accuracy": 0.9894942584901051,
    "report": {
      "0.0": {
        "precision": 0.9945666938331975,
        "recall": 0.993756786102063,
        "f1-score": 0.9941615750169722,
        "support": 3684.0
      },
      "1.0": {
        "precision": 0.9441747572815534,
        "recall": 0.9511002444987775,
        "f1-score": 0.9476248477466505,
        "support": 409.0
      },
      "accuracy": 0.9894942584901051,
      "macro avg": {
        "precision": 0.9693707255573755,
        "recall": 0.9724285153004202,
        "f1-score": 0.9708932113818114,
        "support": 4093.0
      },
      "weighted avg": {
        "precision": 0.989531193698914,
        "recall": 0.9894942584901051,
        "f1-score": 0.9895113132398987,
        "support": 4093.0
      }
    }
  },
  "rf_200": {
    "accuracy": 0.9914488150500855,
    "report": {
      "0.0": {
        "precision": 0.995653355066558,
        "recall": 0.994842562432139,
        "f1-score": 0.9952477936184657,
        "support": 3684.0
      },
      "1.0": {
        "precision": 0.9538834951456311,
        "recall": 0.960880195599022,
        "f1-score": 0.9573690621193667,
        "support": 409.0
      },
      "accuracy": 0.9914488150500855,
      "macro avg": {
        "precision": 0.9747684251060946,
        "recall": 0.9778613790155806,
        "f1-score": 0.9763084278689163,
        "support": 4093.0
      },
      "weighted avg": {
        "precision": 0.9914794306327298,
        "recall": 0.9914488150500855,
        "f1-score": 0.9914626968231733,
        "support": 4093.0
      }
    }
  },
  "svc_rbf": {
    "accuracy": 0.9000732958709993,
    "report": {
      "0.0": {
        "precision": 0.9000732958709993,
        "recall": 1.0,
        "f1-score": 0.9474090266169474,
        "support": 3684.0
      },
      "1.0": {
        "precision": 0.0,
        "recall": 0.0,
        "f1-score": 0.0,
        "support": 409.0
      },
      "accuracy": 0.9000732958709993,
      "macro avg": {
        "precision": 0.45003664793549963,
        "recall": 0.5,
        "f1-score": 0.4737045133084737,
        "support": 4093.0
      },
      "weighted avg": {
        "precision": 0.8101319379400834,
        "recall": 0.9000732958709993,
        "f1-score": 0.8527375651250511,
        "support": 4093.0
      }
    }
  },
  "svc_lin": {
    "accuracy": 0.9848521866601515,
    "report": {
      "0.0": {
        "precision": 0.9921195652173913,
        "recall": 0.991042345276873,
        "f1-score": 0.9915806626833242,
        "support": 3684.0
      },
      "1.0": {
        "precision": 0.9200968523002422,
        "recall": 0.9290953545232273,
        "f1-score": 0.9245742092457421,
        "support": 409.0
      },
      "accuracy": 0.9848521866601515,
      "macro avg": {
        "precision": 0.9561082087588167,
        "recall": 0.9600688499000501,
        "f1-score": 0.9580774359645332,
        "support": 4093.0
      },
      "weighted avg": {
        "precision": 0.9849225728931513,
        "recall": 0.9848521866601515,
        "f1-score": 0.9848849286359332,
        "support": 4093.0
      }
    }
  }
}