{
  "rf": {
    "accuracy": 0.9596872709504032,
    "report": {
      "0.0": {
        "precision": 0.9971743430347556,
        "recall": 0.9579261672095548,
        "f1-score": 0.977156306243943,
        "support": 3684.0
      },
      "1.0": {
        "precision": 0.720216606498195,
        "recall": 0.9755501222493888,
        "f1-score": 0.8286604361370716,
        "support": 409.0
      },
      "accuracy": 0.9596872709504032,
      "macro avg": {
        "precision": 0.8586954747664752,
        "recall": 0.9667381447294718,
        "f1-score": 0.9029083711905073,
        "support": 4093.0
      },
      "weighted avg": {
        "precision": 0.9694988692396289,
        "recall": 0.9596872709504032,
        "f1-score": 0.9623176033673951,
        "support": 4093.0
      }
    },
    "class_distribution": {
      "train_original": {
        "0.0": 14734,
        "1.0": 1638
      },
      "train_resampled": {
        "0.0": 14734,
        "1.0": 14734
      },
      "validation": {
        "0.0": 3684,
        "1.0": 409
      }
    }
  },
  "svm": {
    "accuracy": 0.8025897874419741,
    "report": {
      "0.0": {
        "precision": 1.0,
        "recall": 0.7806731813246471,
        "f1-score": 0.8768292682926829,
        "support": 3684.0
      },
      "1.0": {
        "precision": 0.3360723089564503,
        "recall": 1.0,
        "f1-score": 0.5030750307503075,
        "support": 409.0
      },
      "accuracy": 0.8025897874419741,
      "macro avg": {
        "precision": 0.6680361544782252,
        "recall": 0.8903365906623235,
        "f1-score": 0.6899521495214952,
        "support": 4093.0
      },
      "weighted avg": {
        "precision": 0.9336558940540406,
        "recall": 0.8025897874419741,
        "f1-score": 0.8394812391808257,
        "support": 4093.0
      }
    },
    "class_distribution": {
      "train_original": {
        "0.0": 14734,
        "1.0": 1638
      },
      "train_resampled": {
        "0.0": 14734,
        "1.0": 14734
      },
      "validation": {
        "0.0": 3684,
        "1.0": 409
      }
    }
  },
  "logreg": {
    "accuracy": 0.9442951380405571,
    "report": {
      "0.0": {
        "precision": 0.995697074010327,
        "recall": 0.9421824104234527,
        "f1-score": 0.9682008368200837,
        "support": 3684.0
      },
      "1.0": {
        "precision": 0.6490939044481054,
        "recall": 0.9633251833740831,
        "f1-score": 0.7755905511811023,
        "support": 409.0
      },
      "accuracy": 0.9442951380405571,
      "macro avg": {
        "precision": 0.8223954892292162,
        "recall": 0.9527537968987679,
        "f1-score": 0.8718956940005931,
        "support": 4093.0
      },
      "weighted avg": {
        "precision": 0.9610621616353091,
        "recall": 0.9442951380405571,
        "f1-score": 0.948953925794835,
        "support": 4093.0
      }
    },
    "class_distribution": {
      "train_original": {
        "0.0": 14734,
        "1.0": 1638
      },
      "train_resampled": {
        "0.0": 14734,
        "1.0": 14734
      },
      "validation": {
        "0.0": 3684,
        "1.0": 409
      }
    }
  }
}