{
  "rf_100": {
    "accuracy": 0.9819203518201808,
    "report": {
      "0.0": {
        "precision": 0.9983434566537824,
        "recall": 0.9815418023887079,
        "f1-score": 0.989871338625787,
        "support": 3684.0
      },
      "1.0": {
        "precision": 0.8556263269639066,
        "recall": 0.9853300733496333,
        "f1-score": 0.9159090909090909,
        "support": 409.0
      },
      "accuracy": 0.9819203518201808,
      "macro avg": {
        "precision": 0.9269848918088446,
        "recall": 0.9834359378691706,
        "f1-score": 0.952890214767439,
        "support": 4093.0
      },
      "weighted avg": {
        "precision": 0.984082204261122,
        "recall": 0.9819203518201808,
        "f1-score": 0.9824805349814848,
        "support": 4093.0
      }
    }
  },
  "rf_200": {
    "accuracy": 0.9904715367700953,
    "report": {
      "0.0": {
        "precision": 0.9975429975429976,
        "recall": 0.99185667752443,
        "f1-score": 0.9946917109024092,
        "support": 3684.0
      },
      "1.0": {
        "precision": 0.9302325581395349,
        "recall": 0.9779951100244498,
        "f1-score": 0.9535160905840286,
        "support": 409.0
      },
      "accuracy": 0.9904715367700953,
      "macro avg": {
        "precision": 0.9638877778412662,
        "recall": 0.9849258937744398,
        "f1-score": 0.9741039007432188,
        "support": 4093.0
      },
      "weighted avg": {
        "precision": 0.9908168871799347,
        "recall": 0.9904715367700953,
        "f1-score": 0.9905771668735263,
        "support": 4093.0
      }
    }
  },
  "svc_rbf": {
    "accuracy": 0.8025897874419741,
    "report": {
      "0.0": {
        "precision": 1.0,
        "recall": 0.7806731813246471,
        "f1-score": 0.8768292682926829,
        "support": 3684.0
      },
      "1.0": {
        "precision": 0.3360723089564503,
        "recall": 1.0,
        "f1-score": 0.5030750307503075,
        "support": 409.0
      },
      "accuracy": 0.8025897874419741,
      "macro avg": {
        "precision": 0.6680361544782252,
        "recall": 0.8903365906623235,
        "f1-score": 0.6899521495214952,
        "support": 4093.0
      },
      "weighted avg": {
        "precision": 0.9336558940540406,
        "recall": 0.8025897874419741,
        "f1-score": 0.8394812391808257,
        "support": 4093.0
      }
    }
  },
  "svc_lin": {
    "accuracy": 0.9738578060102614,
    "report": {
      "0.0": {
        "precision": 0.998884239888424,
        "recall": 0.9720412595005429,
        "f1-score": 0.9852799559774384,
        "support": 3684.0
      },
      "1.0": {
        "precision": 0.797244094488189,
        "recall": 0.9902200488997555,
        "f1-score": 0.8833151581243184,
        "support": 409.0
      },
      "accuracy": 0.9738578060102614,
      "macro avg": {
        "precision": 0.8980641671883065,
        "recall": 0.9811306542001492,
        "f1-score": 0.9342975570508785,
        "support": 4093.0
      },
      "weighted avg": {
        "precision": 0.9787350047384861,
        "recall": 0.9738578060102614,
        "f1-score": 0.9750909497907964,
        "support": 4093.0
      }
    }
  }
}