{
  "rf": {
    "best_params": {
      "classifier__max_depth": 5,
      "classifier__min_samples_split": 5,
      "classifier__n_estimators": 50
    },
    "best_score": 0.957876730479233,
    "validation_metrics": {
      "accuracy": 0.9601759100903983,
      "f1_weighted": 0.962803788583233,
      "recall": 0.980440097799511
    },
    "cv_results": {
      "mean_test_f1_weighted": [
        0.957876730479233
      ],
      "mean_test_recall": [
        0.979242186917282
      ]
    }
  },
  "svm": {
    "best_params": {
      "classifier__C": 1,
      "classifier__gamma": "scale",
      "classifier__kernel": "rbf"
    },
    "best_score": 0.8306805432445016,
    "validation_metrics": {
      "accuracy": 0.8025897874419741,
      "f1_weighted": 0.8394812391808257,
      "recall": 1.0
    },
    "cv_results": {
      "mean_test_f1_weighted": [
        0.7749918642249727,
        0.8306805432445016
      ],
      "mean_test_recall": [
        1.0,
        0.998780487804878
      ]
    }
  },
  "logreg": {
    "best_params": {
      "classifier__C": 1.0,
      "classifier__penalty": "l2",
      "classifier__solver": "liblinear"
    },
    "best_score": 0.9506771416672933,
    "validation_metrics": {
      "accuracy": 0.9442951380405571,
      "f1_weighted": 0.948953925794835,
      "recall": 0.9633251833740831
    },
    "cv_results": {
      "mean_test_f1_weighted": [
        0.9506771416672933
      ],
      "mean_test_recall": [
        0.9749757589319012
      ]
    }
  }
}