{
  "rf": {
    "best_params": {
      "classifier__max_depth": 10,
      "classifier__min_samples_split": 2,
      "classifier__n_estimators": 100
    },
    "best_score": 0.9776913053133987,
    "validation_metrics": {
      "accuracy": 0.9826533105301735,
      "f1_weighted": 0.9831506955058763,
      "recall": 0.9828850855745721
    },
    "run_id": "306ca81e43d14f149399abbd8e0989b0"
  },
  "svm": {
    "best_params": {
      "classifier__C": 10,
      "classifier__gamma": "scale",
      "classifier__kernel": "rbf"
    },
    "best_score": 0.8871812414062177,
    "validation_metrics": {
      "accuracy": 0.8851698021011483,
      "f1_weighted": 0.9021700134130436,
      "recall": 0.9975550122249389
    },
    "run_id": "e29714cc241d44f5ba035dfc392bc0ff"
  },
  "logreg": {
    "best_params": {
      "classifier__C": 1000.0,
      "classifier__penalty": "l2",
      "classifier__solver": "liblinear"
    },
    "best_score": 0.9575410803354334,
    "validation_metrics": {
      "accuracy": 0.96799413633032,
      "f1_weighted": 0.9698142263071784,
      "recall": 0.9902200488997555
    },
    "run_id": "76353660941446ada12912f43595fb62"
  }
}