{
  "rf": {
    "best_params": {
      "classifier__max_depth": 10,
      "classifier__min_samples_split": 2,
      "classifier__n_estimators": 50
    },
    "best_score": 0.9776145707931108,
    "validation_metrics": {
      "accuracy": 0.980698753970193,
      "f1_weighted": 0.9813408040286035,
      "recall": 0.9853300733496333
    },
    "run_id": "dda45e438c184ab79d1e853021883806"
  },
  "svm": {
    "best_params": {
      "classifier__C": 10,
      "classifier__gamma": "scale",
      "classifier__kernel": "rbf"
    },
    "best_score": 0.8871812414062177,
    "validation_metrics": {
      "accuracy": 0.8851698021011483,
      "f1_weighted": 0.9021700134130436,
      "recall": 0.9975550122249389
    },
    "run_id": "8ddf92a474ef4692b3cfb88255fbb990"
  },
  "logreg": {
    "best_params": {
      "classifier__C": 1000.0,
      "classifier__penalty": "l2",
      "classifier__solver": "liblinear"
    },
    "best_score": 0.9575410803354334,
    "validation_metrics": {
      "accuracy": 0.96799413633032,
      "f1_weighted": 0.9698142263071784,
      "recall": 0.9902200488997555
    },
    "run_id": "e4d69df93dd34d258106b518704e3133"
  }
}